{
    "AlexNet_pretrained_Adam_0-0002": {
        "training time": 171.67988801002502,
        "best accuracy": 0.9473684210526315,
        "training loss": [
            0.11734374869280519,
            0.13379209252217641,
            0.14598536238265344,
            0.12042741040484263,
            0.1343298875607359,
            0.12045237214232866,
            0.10665375280838746,
            0.12250029343443039,
            0.14471049496951777,
            0.12606433862581468,
            0.13925343704147217,
            0.15223951040743253,
            0.11885071674791667,
            0.10123407320143321,
            0.10465888287394474,
            0.1587187520777568,
            0.14080326158839923,
            0.12028018017418873,
            0.10654581003846267,
            0.13224534372775218
        ],
        "validation accuracy": [
            0.9192982456140351,
            0.9403508771929825,
            0.8947368421052632,
            0.9087719298245615,
            0.9263157894736842,
            0.9192982456140351,
            0.9333333333333333,
            0.9192982456140351,
            0.9298245614035088,
            0.9052631578947369,
            0.9228070175438596,
            0.9473684210526315,
            0.9298245614035088,
            0.9192982456140351,
            0.9298245614035088,
            0.9122807017543859,
            0.9298245614035088,
            0.9263157894736842,
            0.9192982456140351,
            0.9368421052631579
        ]
    }
}