{
    "AlexNet_SGD_0-0001": {
        "training time": 406.7160849571228,
        "best accuracy": 0.7224080267558528,
        "training loss": [
            0.6906862472876524,
            0.689181176515726,
            0.6875971418160659,
            0.6866747064468188,
            0.6853088568418454,
            0.684555376187349,
            0.6827567372566614,
            0.6819730003674825,
            0.680318004045731,
            0.6796928277382484
        ],
        "validation accuracy": [
            0.7224080267558528,
            0.7224080267558528,
            0.7224080267558528,
            0.7224080267558528,
            0.7224080267558528,
            0.7224080267558528,
            0.7224080267558528,
            0.7224080267558528,
            0.7224080267558528,
            0.7224080267558528
        ]
    }
}