{
    "AlexNet_pretrained_Adam_0-0002": {
        "training time": 99.5746099948883,
        "best accuracy": 0.9228070175438596,
        "training loss": [
            0.1960703082000598,
            0.15864576965283889,
            0.19517781881567758,
            0.1798311786678357,
            0.18616641718798724,
            0.17673502126947427,
            0.15064795314071652,
            0.1664610928736436,
            0.16044990355387712,
            0.15328195777076942,
            0.1331432192849043,
            0.12492520531687216,
            0.1698923759544507,
            0.13803455558342811,
            0.11638887879701379,
            0.1221314122279485,
            0.10906590165522619,
            0.10429587513685991,
            0.13695859192655638,
            0.13353954206626767
        ],
        "validation accuracy": [
            0.9052631578947369,
            0.887719298245614,
            0.9122807017543859,
            0.9052631578947369,
            0.8842105263157894,
            0.8912280701754386,
            0.9017543859649123,
            0.8947368421052632,
            0.8736842105263158,
            0.9087719298245615,
            0.9017543859649123,
            0.9122807017543859,
            0.9052631578947369,
            0.887719298245614,
            0.887719298245614,
            0.8947368421052632,
            0.8982456140350877,
            0.9228070175438596,
            0.9017543859649123,
            0.856140350877193
        ]
    }
}