{
    "MobileNet_Adam_0-0002": {
        "training time": 6939.269097566605,
        "best accuracy": 0.8695652173913043,
        "training loss": [
            0.5089435486921242,
            0.44086450427061036,
            0.3723312850509371,
            0.34785500754203114,
            0.31705389819329693,
            0.3155467373629411,
            0.2970845566264221,
            0.33117005761180607,
            0.32753262234230834,
            0.32504701303939026,
            0.3373213636555842,
            0.33141029581782366,
            0.28478819504380226,
            0.3160569569362061,
            0.2835450612363361,
            0.33028071462398484,
            0.3001396470658836,
            0.306775150377126,
            0.29487198316270397,
            0.31386110266404493
        ],
        "validation accuracy": [
            0.802675585284281,
            0.7993311036789298,
            0.7224080267558528,
            0.8494983277591973,
            0.7892976588628763,
            0.8528428093645485,
            0.8561872909698997,
            0.8528428093645485,
            0.8494983277591973,
            0.8260869565217391,
            0.842809364548495,
            0.8461538461538461,
            0.8260869565217391,
            0.8193979933110368,
            0.8260869565217391,
            0.8561872909698997,
            0.8595317725752508,
            0.8695652173913043,
            0.8394648829431438,
            0.8461538461538461
        ]
    }
}