{
    "AlexNet_pretrained_SGD_0-0004": {
        "training time": 81.418288230896,
        "best accuracy": 0.9052631578947369,
        "training loss": [
            0.19908264126533118,
            0.17940003252946413,
            0.17932255076578793,
            0.21727815346840101,
            0.1897626702602093,
            0.20402480117403543,
            0.1931880160402029,
            0.19996497932917032,
            0.19406704241648698,
            0.19342170335734502,
            0.17653514091403055,
            0.16203103238382402,
            0.17294630809472158,
            0.17557851683634979,
            0.16079409812123346,
            0.19421183881469262,
            0.18387867405246466,
            0.1749887769946303,
            0.1895440236116067,
            0.17917290554405788
        ],
        "validation accuracy": [
            0.8771929824561403,
            0.8771929824561403,
            0.8912280701754386,
            0.8771929824561403,
            0.8912280701754386,
            0.8807017543859649,
            0.8842105263157894,
            0.9017543859649123,
            0.8947368421052632,
            0.8947368421052632,
            0.8842105263157894,
            0.887719298245614,
            0.8947368421052632,
            0.887719298245614,
            0.8947368421052632,
            0.887719298245614,
            0.9052631578947369,
            0.8982456140350877,
            0.8912280701754386,
            0.8947368421052632
        ]
    }
}