{
    "AlexNet_Adam_0-0002": {
        "training time": 850.1315689086914,
        "best accuracy": 0.8662207357859532,
        "training loss": [
            0.48418994897451156,
            0.4038840700418521,
            0.3909323192559756,
            0.36747208390480435,
            0.3433116070735149,
            0.31966742911399937,
            0.29611188689103496,
            0.2971956301958133,
            0.3051193478779915,
            0.29520989171205425,
            0.29751926278456664,
            0.27511375225507295,
            0.26908147201324123,
            0.2831509503034445,
            0.2761689531497466,
            0.2766060206370476,
            0.26714080973313403,
            0.2900797449625455,
            0.2991316589789513,
            0.28611650145970857
        ],
        "validation accuracy": [
            0.8394648829431438,
            0.8294314381270903,
            0.8294314381270903,
            0.8394648829431438,
            0.8193979933110368,
            0.842809364548495,
            0.8260869565217391,
            0.842809364548495,
            0.8561872909698997,
            0.8561872909698997,
            0.8528428093645485,
            0.8662207357859532,
            0.862876254180602,
            0.8561872909698997,
            0.8561872909698997,
            0.8561872909698997,
            0.8561872909698997,
            0.8561872909698997,
            0.8561872909698997,
            0.8561872909698997
        ]
    }
}