{
    "AlexNet_SGD_0-0006": {
        "training time": 791.5303671360016,
        "best accuracy": 0.7224080267558528,
        "training loss": [
            0.7009272193297361,
            0.6932193346512623,
            0.6867370956983322,
            0.682812498166011,
            0.6810599657205435,
            0.6792640242821131,
            0.678015316144014,
            0.6779270248535352,
            0.6769627699485192,
            0.6764341745621119,
            0.6766073092436179,
            0.6762390946730589,
            0.6760986386201321,
            0.676083430265769,
            0.6761126808631115,
            0.675602715749007,
            0.6759608510213021,
            0.6760715765830798,
            0.6765656455969199,
            0.6758572719036005
        ],
        "validation accuracy": [
            0.3979933110367893,
            0.7224080267558528,
            0.7224080267558528,
            0.7224080267558528,
            0.7224080267558528,
            0.7224080267558528,
            0.7224080267558528,
            0.7224080267558528,
            0.7224080267558528,
            0.7224080267558528,
            0.7224080267558528,
            0.7224080267558528,
            0.7224080267558528,
            0.7224080267558528,
            0.7224080267558528,
            0.7224080267558528,
            0.7224080267558528,
            0.7224080267558528,
            0.7224080267558528,
            0.7224080267558528
        ]
    }
}