{
    "ResNet_SGD_0-0001": {
        "training time": 1433.9150309562683,
        "best accuracy": 0.6350877192982456,
        "training loss": [
            0.6108086991116284,
            0.5965910982794878,
            0.5852543435445646,
            0.5630396715993804,
            0.5667781800758548,
            0.5631565083333148,
            0.554076372850232,
            0.5655603789217104,
            0.5492499481614043,
            0.5550514936931734,
            0.5504468802998705,
            0.5611463862706007,
            0.5570975052631968,
            0.5608398967642125,
            0.544072962631055,
            0.5587574127243786,
            0.5548524451934225,
            0.5579295909501673,
            0.5475178186486407,
            0.5524557593876753
        ],
        "validation accuracy": [
            0.6,
            0.6,
            0.6035087719298246,
            0.6070175438596491,
            0.6070175438596491,
            0.6140350877192983,
            0.6210526315789474,
            0.6175438596491228,
            0.624561403508772,
            0.6280701754385964,
            0.631578947368421,
            0.6140350877192983,
            0.6210526315789474,
            0.6210526315789474,
            0.6350877192982456,
            0.6210526315789474,
            0.631578947368421,
            0.6210526315789474,
            0.6280701754385964,
            0.6280701754385964
        ]
    }
}