{
    "MobileNet_Adam_0-0004": {
        "training time": 135.67928266525269,
        "best accuracy": 0.887719298245614,
        "training loss": [
            0.3659671702672069,
            0.3208320672373946,
            0.31459340207823894,
            0.3036242416355668,
            0.3177735362565372,
            0.2964112188939641,
            0.29131692684278254,
            0.27401158172728085,
            0.2796136681899065,
            0.28053471000819674
        ],
        "validation accuracy": [
            0.7157894736842105,
            0.8666666666666667,
            0.8491228070175438,
            0.8736842105263158,
            0.8385964912280702,
            0.8350877192982457,
            0.887719298245614,
            0.8596491228070176,
            0.8210526315789474,
            0.8842105263157894
        ]
    }
}