{
    "AlexNet_SGD_0-0002": {
        "training time": 776.649918794632,
        "best accuracy": 0.7224080267558528,
        "training loss": [
            0.683447695695437,
            0.6796579315112188,
            0.6763810041623238,
            0.6738764444986979,
            0.6727706958086063,
            0.6718574716494634,
            0.6712245497948084,
            0.6716568867365519,
            0.6710177858670553,
            0.6704860130945841,
            0.6700447492110424,
            0.6701175249539889,
            0.6695681290748792,
            0.6697399692657666,
            0.6694796406305753,
            0.6689798617974306,
            0.6711462216499524,
            0.6695625736163213,
            0.6698276996612549,
            0.669672212539575
        ],
        "validation accuracy": [
            0.7224080267558528,
            0.7224080267558528,
            0.7224080267558528,
            0.7224080267558528,
            0.7224080267558528,
            0.7224080267558528,
            0.7224080267558528,
            0.7224080267558528,
            0.7224080267558528,
            0.7224080267558528,
            0.7224080267558528,
            0.7224080267558528,
            0.7224080267558528,
            0.7224080267558528,
            0.7224080267558528,
            0.7224080267558528,
            0.7224080267558528,
            0.7224080267558528,
            0.7224080267558528,
            0.7224080267558528
        ]
    }
}