{
    "MobileNet_SGD_0-0004": {
        "training time": 6777.195959806442,
        "best accuracy": 0.7224080267558528,
        "training loss": [
            0.6415485590696335,
            0.630753742087455,
            0.6220667866014299,
            0.6169138614620481,
            0.6170941967339743,
            0.6137274982673782,
            0.6111075984580177,
            0.6078183569368862,
            0.6096246203496343,
            0.6074838826344127,
            0.6096555590629578,
            0.6071088530478024,
            0.6082959544090998,
            0.6073705933633304,
            0.6078997041497912,
            0.608931591468198,
            0.6097808980516025,
            0.6067247518471309,
            0.6083255545014427,
            0.6094638559789884
        ],
        "validation accuracy": [
            0.7224080267558528,
            0.7224080267558528,
            0.7224080267558528,
            0.7224080267558528,
            0.7224080267558528,
            0.7224080267558528,
            0.7224080267558528,
            0.7224080267558528,
            0.7224080267558528,
            0.7224080267558528,
            0.7224080267558528,
            0.7224080267558528,
            0.7224080267558528,
            0.7224080267558528,
            0.7224080267558528,
            0.7224080267558528,
            0.7224080267558528,
            0.7224080267558528,
            0.7224080267558528,
            0.7224080267558528
        ]
    }
}