{
    "AlexNet_pretrained_SGD_0-0002": {
        "training time": 83.40391564369202,
        "best accuracy": 0.8140350877192982,
        "training loss": [
            0.4624011157414852,
            0.46137193074593175,
            0.43326131197122425,
            0.43181096131985003,
            0.4045965938996046,
            0.3931515904573294,
            0.38379414341388607,
            0.38086396073683715,
            0.36570384257879013,
            0.35192201764155656
        ],
        "validation accuracy": [
            0.6877192982456141,
            0.6947368421052632,
            0.7263157894736842,
            0.7192982456140351,
            0.7263157894736842,
            0.7684210526315789,
            0.7894736842105263,
            0.7929824561403509,
            0.8070175438596491,
            0.8140350877192982
        ]
    }
}