{
    "AlexNet_pretrained_SGD_0-0002": {
        "training time": 170.8260531425476,
        "best accuracy": 0.8350877192982457,
        "training loss": [
            0.3767212396248793,
            0.37235073554210174,
            0.3566599664015648,
            0.3546444590275104,
            0.33997615216634214,
            0.33624143707446563,
            0.3447926544990295,
            0.33394899926124477,
            0.3186820302254114,
            0.312606814962167,
            0.3341214328240126,
            0.297345600831203,
            0.2949711535221491,
            0.2938764588190959,
            0.3030493870759622,
            0.2830867003171872,
            0.29338037700225145,
            0.2728793712762686,
            0.30747955158734935,
            0.2671144142364844
        ],
        "validation accuracy": [
            0.712280701754386,
            0.7192982456140351,
            0.7263157894736842,
            0.7543859649122807,
            0.7578947368421053,
            0.7719298245614035,
            0.7789473684210526,
            0.7859649122807018,
            0.7929824561403509,
            0.775438596491228,
            0.8,
            0.7964912280701755,
            0.8140350877192982,
            0.8070175438596491,
            0.8035087719298246,
            0.8315789473684211,
            0.8210526315789474,
            0.8210526315789474,
            0.8350877192982457,
            0.8140350877192982
        ]
    }
}