{
    "AlexNet_pretrained_Adam_0-0001": {
        "training time": 82.797119140625,
        "best accuracy": 0.9368421052631579,
        "training loss": [
            0.2060003454486529,
            0.18682978636561295,
            0.17545586232191476,
            0.1503731568272297,
            0.15240045608236238,
            0.12347087655694057,
            0.12446471609366246,
            0.1372000354413803,
            0.1041532287087578,
            0.08641164429867879
        ],
        "validation accuracy": [
            0.9087719298245615,
            0.9052631578947369,
            0.8736842105263158,
            0.9333333333333333,
            0.9298245614035088,
            0.9333333333333333,
            0.8350877192982457,
            0.9368421052631579,
            0.9368421052631579,
            0.9368421052631579
        ]
    }
}