{
    "AlexNet_Adam_0-0004": {
        "training time": 845.7772879600525,
        "best accuracy": 0.882943143812709,
        "training loss": [
            0.4566039435374431,
            0.40519801546365786,
            0.4030976585852794,
            0.3107590549267255,
            0.3073165516058604,
            0.2981793144956613,
            0.2866382646637085,
            0.3112020022594012,
            0.2832112629444171,
            0.2595134627742645,
            0.2466485100105787,
            0.2404707859341915,
            0.23119981863941902,
            0.26011962386278004,
            0.2686287495188224,
            0.27358760703832674,
            0.25973345664067143,
            0.25790506983414674,
            0.25675459339832646,
            0.24989262662636927
        ],
        "validation accuracy": [
            0.8494983277591973,
            0.8260869565217391,
            0.8762541806020067,
            0.8729096989966555,
            0.842809364548495,
            0.8762541806020067,
            0.8595317725752508,
            0.8327759197324415,
            0.8461538461538461,
            0.8595317725752508,
            0.8595317725752508,
            0.882943143812709,
            0.8762541806020067,
            0.8762541806020067,
            0.8695652173913043,
            0.8662207357859532,
            0.8662207357859532,
            0.8662207357859532,
            0.8662207357859532,
            0.8662207357859532
        ]
    }
}