{
    "AlexNet_Adam_0-0004": {
        "training time": 449.1257359981537,
        "best accuracy": 0.9063545150501672,
        "training loss": [
            0.33625768662358707,
            0.25502245204570967,
            0.3214124353268208,
            0.2837899602376498,
            0.2967245399187773,
            0.27150626136706424,
            0.318658804282164,
            0.28569732969387984,
            0.22942931587115312,
            0.26154482689423436
        ],
        "validation accuracy": [
            0.8862876254180602,
            0.822742474916388,
            0.9063545150501672,
            0.903010033444816,
            0.862876254180602,
            0.8896321070234113,
            0.9063545150501672,
            0.8494983277591973,
            0.8394648829431438,
            0.8963210702341137
        ]
    }
}