{
    "AlexNet_pretrained_Adam_0-0002": {
        "training time": 84.1049816608429,
        "best accuracy": 0.9333333333333333,
        "training loss": [
            0.18602235605701423,
            0.13084213595646313,
            0.1505294859600373,
            0.14978649667822397,
            0.12318740961834407,
            0.12960533754756817,
            0.10994412191212177,
            0.08748717772034116,
            0.1294234938059862,
            0.1283401747723707
        ],
        "validation accuracy": [
            0.8947368421052632,
            0.9087719298245615,
            0.8736842105263158,
            0.8771929824561403,
            0.9333333333333333,
            0.9052631578947369,
            0.9122807017543859,
            0.7508771929824561,
            0.9157894736842105,
            0.9192982456140351
        ]
    }
}