{
    "AlexNet_pretrained_SGD_0-0001": {
        "training time": 178.44818305969238,
        "best accuracy": 0.7192982456140351,
        "training loss": [
            0.6346946771328266,
            0.5791033070821029,
            0.547648814244148,
            0.5264347921579312,
            0.4892683105591016,
            0.485352377860974,
            0.48436336181102657,
            0.46773262818654376,
            0.4510452143656902,
            0.4585472971965105,
            0.44170896517924774,
            0.44609475212219435,
            0.44120368361473083,
            0.4091884295145671,
            0.39715270698070526,
            0.4093021589976091,
            0.4029488655237051,
            0.39632272796753126,
            0.39509854179162246,
            0.3917304254495181
        ],
        "validation accuracy": [
            0.5508771929824562,
            0.5684210526315789,
            0.5824561403508772,
            0.5894736842105263,
            0.5929824561403508,
            0.6035087719298246,
            0.6175438596491228,
            0.6456140350877193,
            0.624561403508772,
            0.6631578947368421,
            0.6666666666666666,
            0.6526315789473685,
            0.6701754385964912,
            0.6701754385964912,
            0.6771929824561403,
            0.6771929824561403,
            0.6947368421052632,
            0.7017543859649122,
            0.7052631578947368,
            0.7192982456140351
        ]
    }
}