{
    "AlexNet_Adam_0-0002": {
        "training time": 444.1802496910095,
        "best accuracy": 0.9063545150501672,
        "training loss": [
            0.37258205925806975,
            0.3204502612352371,
            0.3003675414201541,
            0.3099229780909343,
            0.2719628249223416,
            0.3168725929199121,
            0.2577639864041255,
            0.27380932791110796,
            0.2712251186752931,
            0.2564641030935141
        ],
        "validation accuracy": [
            0.822742474916388,
            0.8494983277591973,
            0.8963210702341137,
            0.9063545150501672,
            0.903010033444816,
            0.8127090301003345,
            0.8762541806020067,
            0.903010033444816,
            0.8729096989966555,
            0.8996655518394648
        ]
    }
}