{
    "AlexNet_pretrained_SGD_0-0004": {
        "training time": 180.40848088264465,
        "best accuracy": 0.9052631578947369,
        "training loss": [
            0.27786195278167725,
            0.29013897478580475,
            0.2568484107271219,
            0.25490692792794645,
            0.2615771377697969,
            0.2542873208339398,
            0.24864767319880998,
            0.24506197029199356,
            0.24660405153647447,
            0.22384835989811483,
            0.22511153324292257,
            0.22183775424193114,
            0.22833537673338866,
            0.21268378713956246,
            0.21870806832344103,
            0.22207196801900864,
            0.20232311941874334,
            0.20523913013629425,
            0.2104762376118929,
            0.20578612444492486
        ],
        "validation accuracy": [
            0.8385964912280702,
            0.8315789473684211,
            0.8421052631578947,
            0.8631578947368421,
            0.8526315789473684,
            0.8736842105263158,
            0.8701754385964913,
            0.8701754385964913,
            0.8596491228070176,
            0.8771929824561403,
            0.8842105263157894,
            0.887719298245614,
            0.8947368421052632,
            0.887719298245614,
            0.8947368421052632,
            0.9017543859649123,
            0.887719298245614,
            0.8912280701754386,
            0.8947368421052632,
            0.9052631578947369
        ]
    }
}