{
    "AlexNet_pretrained_SGD_0-0001": {
        "training time": 80.16143894195557,
        "best accuracy": 0.6631578947368421,
        "training loss": [
            0.8309924128728036,
            0.6843311603252704,
            0.6269008051126431,
            0.5869315564632416,
            0.5663254841780051,
            0.5647680300932664,
            0.5502349191751236,
            0.5091731907465519,
            0.5120021150662348,
            0.4978099381312346
        ],
        "validation accuracy": [
            0.5333333333333333,
            0.6175438596491228,
            0.6210526315789474,
            0.5964912280701754,
            0.6175438596491228,
            0.631578947368421,
            0.6350877192982456,
            0.6456140350877193,
            0.6596491228070176,
            0.6631578947368421
        ]
    }
}