{
    "AlexNet_pretrained_Adam_0-0001": {
        "training time": 100.56389141082764,
        "best accuracy": 0.9263157894736842,
        "training loss": [
            0.27740690723443645,
            0.2043984258451905,
            0.18974295086585558,
            0.17394470151227254,
            0.15491388024141392,
            0.1415138317224307,
            0.14089157178592032,
            0.1776037467404818,
            0.1510007678029629,
            0.11816155509306835,
            0.11369139904108568,
            0.1260101322371226,
            0.12719968737413487,
            0.11678256357136445,
            0.14568347288056827,
            0.11971210167767146,
            0.1128226093088205,
            0.14008084788488653,
            0.09755528456149384,
            0.09156282253276843
        ],
        "validation accuracy": [
            0.9122807017543859,
            0.8807017543859649,
            0.9087719298245615,
            0.8596491228070176,
            0.9192982456140351,
            0.8596491228070176,
            0.887719298245614,
            0.8947368421052632,
            0.9122807017543859,
            0.9192982456140351,
            0.8842105263157894,
            0.9263157894736842,
            0.9052631578947369,
            0.9228070175438596,
            0.9263157894736842,
            0.8947368421052632,
            0.9087719298245615,
            0.8666666666666667,
            0.9052631578947369,
            0.9263157894736842
        ]
    }
}