{
    "MobileNet_SGD_0-0001": {
        "training time": 127.9142701625824,
        "best accuracy": 0.6,
        "training loss": [
            0.689316624548377,
            0.6839067441661183,
            0.6775032870653199,
            0.6720887437099363,
            0.6676218655051255,
            0.6631631814851994,
            0.6583665282261081,
            0.6536004550573302,
            0.6503416161711623,
            0.6461547511379894
        ],
        "validation accuracy": [
            0.6,
            0.6,
            0.6,
            0.6,
            0.6,
            0.6,
            0.6,
            0.6,
            0.6,
            0.6
        ]
    }
}