{
    "AlexNet_pretrained_SGD_0-0001": {
        "training time": 90.95176148414612,
        "best accuracy": 0.8350877192982457,
        "training loss": [
            0.5824446043907068,
            0.5040589960721823,
            0.44281632777972096,
            0.4247325307283646,
            0.38664824611101395,
            0.3604198361818607,
            0.36453742553026247,
            0.34439002779813915,
            0.3187247277834477,
            0.31901598855471,
            0.3147068130664336,
            0.30338879349904185,
            0.3022445906431247,
            0.2885804140032866,
            0.2711353124334262,
            0.2789240641853748,
            0.26035459607075423,
            0.27071767243055195,
            0.26557679588978106,
            0.24510352409038788
        ],
        "validation accuracy": [
            0.6175438596491228,
            0.6596491228070176,
            0.6842105263157895,
            0.6982456140350877,
            0.7192982456140351,
            0.7192982456140351,
            0.7333333333333333,
            0.7298245614035088,
            0.7508771929824561,
            0.7649122807017544,
            0.7684210526315789,
            0.7719298245614035,
            0.7964912280701755,
            0.8,
            0.8070175438596491,
            0.8105263157894737,
            0.8210526315789474,
            0.8210526315789474,
            0.8315789473684211,
            0.8350877192982457
        ]
    }
}