{
    "AlexNet_Adam_0-0006": {
        "training time": 857.8902275562286,
        "best accuracy": 0.8862876254180602,
        "training loss": [
            0.5530060949998025,
            0.4403553089270225,
            0.4212971536012796,
            0.37000455076877886,
            0.36122816724654955,
            0.3244831004203894,
            0.307534933472291,
            0.29470388896954364,
            0.3050994643798241,
            0.2959432279070218,
            0.28374554006717145,
            0.2727807273085301,
            0.2928503713546655,
            0.2880369489773726,
            0.2722233990446115,
            0.2766028913931969,
            0.29146924920571154,
            0.2815884263851704,
            0.28686213073058003,
            0.30107043511592424
        ],
        "validation accuracy": [
            0.7224080267558528,
            0.8494983277591973,
            0.8729096989966555,
            0.8729096989966555,
            0.8762541806020067,
            0.8695652173913043,
            0.8795986622073578,
            0.8862876254180602,
            0.8461538461538461,
            0.8494983277591973,
            0.8561872909698997,
            0.8795986622073578,
            0.8662207357859532,
            0.8595317725752508,
            0.8561872909698997,
            0.8595317725752508,
            0.8595317725752508,
            0.862876254180602,
            0.862876254180602,
            0.862876254180602
        ]
    }
}