{
    "ResNet_SGD_0-0004": {
        "training time": 888.6171112060547,
        "best accuracy": 0.8526315789473684,
        "training loss": [
            0.36475436795290894,
            0.3656387774924922,
            0.35909137069209807,
            0.36281829678673083,
            0.3590071178912147,
            0.35893430009605437,
            0.36381173042989357,
            0.34129509656894497,
            0.3360475443485307,
            0.3309885112008428
        ],
        "validation accuracy": [
            0.8421052631578947,
            0.8526315789473684,
            0.8035087719298246,
            0.8175438596491228,
            0.7649122807017544,
            0.8175438596491228,
            0.8175438596491228,
            0.8210526315789474,
            0.7614035087719299,
            0.7964912280701755
        ]
    }
}