{
    "AlexNet_SGD_0-0002": {
        "training time": 405.1137318611145,
        "best accuracy": 0.7224080267558528,
        "training loss": [
            0.6771424259894934,
            0.6739800312580206,
            0.671941706767449,
            0.6695312857627869,
            0.6670705080032349,
            0.6646660856711559,
            0.6623784257815435,
            0.659971452676333,
            0.657331720376626,
            0.6544105532841805
        ],
        "validation accuracy": [
            0.7224080267558528,
            0.7224080267558528,
            0.7224080267558528,
            0.7224080267558528,
            0.7224080267558528,
            0.7224080267558528,
            0.7224080267558528,
            0.7224080267558528,
            0.7224080267558528,
            0.7224080267558528
        ]
    }
}