{
    "AlexNet_SGD_0-0004": {
        "training time": 407.7387330532074,
        "best accuracy": 0.7224080267558528,
        "training loss": [
            0.6509085985330435,
            0.6453863642154596,
            0.6396402915318807,
            0.6339910351313077,
            0.6275006670218247,
            0.6211966918064997,
            0.6151657624122424,
            0.6085609381015484,
            0.6009175578753153,
            0.5950688933714842
        ],
        "validation accuracy": [
            0.7224080267558528,
            0.7224080267558528,
            0.7224080267558528,
            0.7224080267558528,
            0.7224080267558528,
            0.7224080267558528,
            0.7224080267558528,
            0.7224080267558528,
            0.7224080267558528,
            0.7224080267558528
        ]
    }
}