{
    "ResNet_SGD_0-0002": {
        "training time": 1010.2966215610504,
        "best accuracy": 0.8491228070175438,
        "training loss": [
            0.5115984263943463,
            0.4786901673892649,
            0.46183435909631776,
            0.43731028568453906,
            0.4148437142129836,
            0.40116966400689225,
            0.39587963475444454,
            0.39286736647288006,
            0.37456412752711676,
            0.3771888960183151
        ],
        "validation accuracy": [
            0.7508771929824561,
            0.7684210526315789,
            0.7929824561403509,
            0.8245614035087719,
            0.7859649122807018,
            0.8245614035087719,
            0.8456140350877193,
            0.8385964912280702,
            0.8350877192982457,
            0.8491228070175438
        ]
    }
}