{
    "AlexNet_pretrained_Adam_0-0004": {
        "training time": 88.33234596252441,
        "best accuracy": 0.9368421052631579,
        "training loss": [
            0.21144049509595603,
            0.16827862518720138,
            0.1781719463566939,
            0.16376065969085082,
            0.1388266579940533,
            0.19577738265387523,
            0.1710165457274669,
            0.15111107579790628,
            0.1342007119495135,
            0.11950207535081948
        ],
        "validation accuracy": [
            0.9052631578947369,
            0.8982456140350877,
            0.8982456140350877,
            0.9157894736842105,
            0.9157894736842105,
            0.9087719298245615,
            0.9087719298245615,
            0.9263157894736842,
            0.9368421052631579,
            0.9122807017543859
        ]
    }
}