{
    "MobileNet_SGD_0-0002": {
        "training time": 6767.302129507065,
        "best accuracy": 0.7224080267558528,
        "training loss": [
            0.6837827201400485,
            0.6725721635988781,
            0.6621520526352382,
            0.6572159166846957,
            0.6553558026041303,
            0.6518166547729856,
            0.6514567321255094,
            0.6498955623024986,
            0.6492976418563298,
            0.6487472483089992,
            0.6487567772467931,
            0.6489619059222085,
            0.6502721458673477,
            0.6495654632647833,
            0.6485271006822586,
            0.6492895994867597,
            0.64950882820856,
            0.6485567916007269,
            0.6482602244331723,
            0.6488788376251856
        ],
        "validation accuracy": [
            0.7224080267558528,
            0.7224080267558528,
            0.7224080267558528,
            0.7224080267558528,
            0.7224080267558528,
            0.7224080267558528,
            0.7224080267558528,
            0.7224080267558528,
            0.7224080267558528,
            0.7224080267558528,
            0.7224080267558528,
            0.7224080267558528,
            0.7224080267558528,
            0.7224080267558528,
            0.7224080267558528,
            0.7224080267558528,
            0.7224080267558528,
            0.7224080267558528,
            0.7224080267558528,
            0.7224080267558528
        ]
    }
}