{
    "MobileNet_SGD_0-0006": {
        "training time": 6766.674156665802,
        "best accuracy": 0.7224080267558528,
        "training loss": [
            0.6036613452292624,
            0.597993318878469,
            0.5885754898190498,
            0.5897920025246484,
            0.5903405799042611,
            0.5854873508214951,
            0.5839490503782317,
            0.5883524840076765,
            0.5848929992034322,
            0.5858859480136916,
            0.5836752238018172,
            0.5869034120724315,
            0.5844062407101903,
            0.583910499655065,
            0.5814870908146813,
            0.5875860278805097,
            0.5837728327938488,
            0.5902721598034814,
            0.5900396243447349,
            0.5828339876163573
        ],
        "validation accuracy": [
            0.7224080267558528,
            0.7224080267558528,
            0.7224080267558528,
            0.7224080267558528,
            0.7224080267558528,
            0.7224080267558528,
            0.7224080267558528,
            0.7224080267558528,
            0.7224080267558528,
            0.7224080267558528,
            0.7224080267558528,
            0.7224080267558528,
            0.7224080267558528,
            0.7224080267558528,
            0.7224080267558528,
            0.7224080267558528,
            0.7224080267558528,
            0.7224080267558528,
            0.7224080267558528,
            0.7224080267558528
        ]
    }
}