{
    "AlexNet_pretrained_Adam_0-0004": {
        "training time": 170.46240067481995,
        "best accuracy": 0.9333333333333333,
        "training loss": [
            0.18345526667932668,
            0.16749700770164147,
            0.14736951901935613,
            0.1455119111790107,
            0.17924390031168094,
            0.1707799103206549,
            0.18544396767631555,
            0.12832877331246167,
            0.12652112643879193,
            0.15068631026989374,
            0.1596394285846215,
            0.18233337501684824,
            0.1216400996184884,
            0.11523709513055973,
            0.11362480028317525,
            0.11610552916924159,
            0.16906998636057743,
            0.20963285280725893,
            0.15914785623168334,
            0.18145292557967016
        ],
        "validation accuracy": [
            0.6982456140350877,
            0.9228070175438596,
            0.9157894736842105,
            0.9052631578947369,
            0.9157894736842105,
            0.9228070175438596,
            0.9122807017543859,
            0.9263157894736842,
            0.8982456140350877,
            0.9192982456140351,
            0.9017543859649123,
            0.9298245614035088,
            0.9333333333333333,
            0.9228070175438596,
            0.9298245614035088,
            0.8912280701754386,
            0.8982456140350877,
            0.9017543859649123,
            0.8526315789473684,
            0.9087719298245615
        ]
    }
}