{
    "AlexNet_pretrained_Adam_0-0001": {
        "training time": 175.6202700138092,
        "best accuracy": 0.9578947368421052,
        "training loss": [
            0.19479453334441552,
            0.14904839660112673,
            0.1401665250842388,
            0.13272772471492106,
            0.12244254231261902,
            0.12077982809681159,
            0.1315145777323498,
            0.10630686853367549,
            0.10085244104266167,
            0.0974743296034061,
            0.10151642045149437,
            0.10408977514658219,
            0.09277987964928915,
            0.09143938157611932,
            0.09555442652736719,
            0.11979042831808329,
            0.10847757102396244,
            0.07781192642421676,
            0.09495558104931544,
            0.08499348033458376
        ],
        "validation accuracy": [
            0.9368421052631579,
            0.9578947368421052,
            0.9473684210526315,
            0.8947368421052632,
            0.9438596491228071,
            0.9298245614035088,
            0.9368421052631579,
            0.9087719298245615,
            0.9087719298245615,
            0.9368421052631579,
            0.9368421052631579,
            0.9403508771929825,
            0.9368421052631579,
            0.9298245614035088,
            0.9403508771929825,
            0.9228070175438596,
            0.9122807017543859,
            0.9122807017543859,
            0.9333333333333333,
            0.9192982456140351
        ]
    }
}