{
    "AlexNet_pretrained_Adam_0-0004": {
        "training time": 99.08305883407593,
        "best accuracy": 0.9122807017543859,
        "training loss": [
            0.2496205524314577,
            0.2394194880930277,
            0.22044429985376504,
            0.2580993925340665,
            0.1788906766436039,
            0.2799673000207314,
            0.2276132885271158,
            0.16044257810482612,
            0.194045488221141,
            0.14671074684995872,
            0.13629621785516158,
            0.18176255021721888,
            0.2032465603775703,
            0.18988379485045487,
            0.17854505146925265,
            0.1834978345208443,
            0.18306644017306659,
            0.1617954263988978,
            0.16666625891453946,
            0.15751633592523062
        ],
        "validation accuracy": [
            0.8315789473684211,
            0.9122807017543859,
            0.8631578947368421,
            0.8491228070175438,
            0.8982456140350877,
            0.6912280701754386,
            0.9017543859649123,
            0.8771929824561403,
            0.8982456140350877,
            0.887719298245614,
            0.8912280701754386,
            0.8035087719298246,
            0.8666666666666667,
            0.9017543859649123,
            0.856140350877193,
            0.7192982456140351,
            0.887719298245614,
            0.9122807017543859,
            0.9017543859649123,
            0.887719298245614
        ]
    }
}