{
    "MobileNet_SGD_0-0004": {
        "training time": 127.69133353233337,
        "best accuracy": 0.6,
        "training loss": [
            0.5996860065838185,
            0.5935361603411232,
            0.5890083167611099,
            0.5844470502399817,
            0.5863487120808625,
            0.5809363526542012,
            0.5779462503950771,
            0.5747383938329976,
            0.5762668575455503,
            0.5739049050139218
        ],
        "validation accuracy": [
            0.6,
            0.6,
            0.6,
            0.6,
            0.6,
            0.6,
            0.6,
            0.6,
            0.6,
            0.6
        ]
    }
}