{
    "AlexNet_pretrained_SGD_0-0002": {
        "training time": 85.09938764572144,
        "best accuracy": 0.887719298245614,
        "training loss": [
            0.26605725574951905,
            0.2518023092013139,
            0.23647833405396876,
            0.22898062089314827,
            0.23491662129377708,
            0.21948683013518652,
            0.22331583480804396,
            0.2206216139289049,
            0.21137831875911126,
            0.21679704445294845,
            0.24194281299908957,
            0.22071537213065687,
            0.20588555368475425,
            0.2117346931153383,
            0.21227534354115143,
            0.19378167830216578,
            0.1968868422584656,
            0.21248346958787012,
            0.19832338364078447,
            0.20647762343287468
        ],
        "validation accuracy": [
            0.8456140350877193,
            0.8491228070175438,
            0.856140350877193,
            0.8631578947368421,
            0.8631578947368421,
            0.8631578947368421,
            0.8491228070175438,
            0.8701754385964913,
            0.8666666666666667,
            0.8736842105263158,
            0.8701754385964913,
            0.8736842105263158,
            0.8771929824561403,
            0.8771929824561403,
            0.8736842105263158,
            0.887719298245614,
            0.8807017543859649,
            0.8842105263157894,
            0.8807017543859649,
            0.8807017543859649
        ]
    }
}