{
    "AlexNet_pretrained_SGD_0-0004": {
        "training time": 82.2370035648346,
        "best accuracy": 0.8666666666666667,
        "training loss": [
            0.3682839041336989,
            0.3363435310431016,
            0.32411051866335744,
            0.3225912963732695,
            0.2989085473311253,
            0.2801479968505028,
            0.2799473569179193,
            0.2716207714417042,
            0.2642890795683249,
            0.25874068301457626
        ],
        "validation accuracy": [
            0.8,
            0.8315789473684211,
            0.8421052631578947,
            0.8456140350877193,
            0.8526315789473684,
            0.8491228070175438,
            0.8526315789473684,
            0.8666666666666667,
            0.8666666666666667,
            0.8666666666666667
        ]
    }
}