{
    "AlexNet_Adam_0-0001": {
        "training time": 481.96282267570496,
        "best accuracy": 0.8963210702341137,
        "training loss": [
            0.4964440449690207,
            0.4084743677805632,
            0.3954686400217888,
            0.35767621986376935,
            0.33913342081583464,
            0.3506216437388689,
            0.32694211048193467,
            0.3085251979720898,
            0.30716817042766476,
            0.2917513843530264
        ],
        "validation accuracy": [
            0.6153846153846154,
            0.7792642140468228,
            0.8461538461538461,
            0.8762541806020067,
            0.745819397993311,
            0.7926421404682275,
            0.8461538461538461,
            0.8963210702341137,
            0.8929765886287625,
            0.882943143812709
        ]
    }
}