{
    "AlexNet_SGD_0-0001": {
        "training time": 407.2110641002655,
        "best accuracy": 0.7224080267558528,
        "training loss": [
            0.6866737649990962,
            0.68544135032556,
            0.6850563241885259,
            0.6834219770553784,
            0.6825106403766534,
            0.6814970832604629,
            0.6800018350283304,
            0.6793401073186826,
            0.6780421871405381,
            0.6769456160374177
        ],
        "evaluation accuracy": [
            0.7224080267558528,
            0.7224080267558528,
            0.7224080267558528,
            0.7224080267558528,
            0.7224080267558528,
            0.7224080267558528,
            0.7224080267558528,
            0.7224080267558528,
            0.7224080267558528,
            0.7224080267558528
        ]
    }
}