{
    "MobileNet_Adam_0-0001": {
        "training time": 137.57006120681763,
        "best accuracy": 0.8210526315789474,
        "training loss": [
            0.49413512665324094,
            0.395831072839295,
            0.36784966271824954,
            0.3546715165238555,
            0.32064226487787756,
            0.3309120643066197,
            0.345191561230799,
            0.30711096561536555,
            0.33818733982923554,
            0.3247439336122536
        ],
        "validation accuracy": [
            0.6385964912280702,
            0.7614035087719299,
            0.7578947368421053,
            0.6491228070175439,
            0.7929824561403509,
            0.7614035087719299,
            0.7052631578947368,
            0.7087719298245614,
            0.8210526315789474,
            0.7859649122807018
        ]
    }
}