{
    "AlexNet_Adam_0-0004": {
        "training time": 1051.381548166275,
        "best accuracy": 0.9297658862876255,
        "training loss": [
            0.49349727538915783,
            0.41471083500446415,
            0.37140660255383223,
            0.3467896851973656,
            0.31847535646878755,
            0.32946371459043944,
            0.2757263944890255,
            0.2751487941505053,
            0.2633653743526874,
            0.29986591789966976,
            0.25487448007632524,
            0.24327993373840284,
            0.2373114138459548,
            0.21372163152465454,
            0.23357913471185243,
            0.21647728215425444,
            0.20955262686579657,
            0.19089895859360695,
            0.20591372509415334,
            0.20980509981895104
        ],
        "validation accuracy": [
            0.802675585284281,
            0.8193979933110368,
            0.7993311036789298,
            0.8862876254180602,
            0.802675585284281,
            0.8762541806020067,
            0.8862876254180602,
            0.9063545150501672,
            0.8996655518394648,
            0.903010033444816,
            0.8494983277591973,
            0.8662207357859532,
            0.903010033444816,
            0.8662207357859532,
            0.9297658862876255,
            0.903010033444816,
            0.903010033444816,
            0.8929765886287625,
            0.903010033444816,
            0.9264214046822743
        ]
    }
}