{
    "AlexNet_SGD_0-0004": {
        "training time": 963.5229730606079,
        "best accuracy": 0.725752508361204,
        "training loss": [
            0.6920131383798062,
            0.6875056685545505,
            0.6833592515725356,
            0.6799273307506855,
            0.6767609425080128,
            0.6747953249857976,
            0.6724006105691959,
            0.6709224153787662,
            0.6698535023591458,
            0.6688820276504908,
            0.6680617867371975,
            0.6674215472661532,
            0.6660478619428781,
            0.6656289498011271,
            0.6651805578133999,
            0.6645727600806799,
            0.6641096396323962,
            0.6643974765753135,
            0.6636188993087182,
            0.6637622408377819
        ],
        "validation accuracy": [
            0.725752508361204,
            0.7224080267558528,
            0.7224080267558528,
            0.7224080267558528,
            0.7224080267558528,
            0.7224080267558528,
            0.7224080267558528,
            0.7224080267558528,
            0.7224080267558528,
            0.7224080267558528,
            0.7224080267558528,
            0.7224080267558528,
            0.7224080267558528,
            0.7224080267558528,
            0.7224080267558528,
            0.7224080267558528,
            0.7224080267558528,
            0.7224080267558528,
            0.7224080267558528,
            0.7224080267558528
        ]
    }
}