{
    "AlexNet_SGD_0-0001": {
        "training time": 624.5141067504883,
        "best accuracy": 0.7224080267558528,
        "training loss": [
            0.6928653105711325,
            0.6921906929749709,
            0.6905816105695871,
            0.6895037874197348,
            0.6880521575609843,
            0.6868572678321447,
            0.6862419324043469,
            0.6843243119044181,
            0.6834455866080064,
            0.6825940425579364,
            0.6812719259506617,
            0.6801034899858328,
            0.6788095831871033,
            0.6775420720760639,
            0.6771282232724704,
            0.6756010116674961,
            0.6743512994203812,
            0.6733461450307797,
            0.6718742786309658,
            0.6710535394839752
        ],
        "validation accuracy": [
            0.7157190635451505,
            0.7224080267558528,
            0.7224080267558528,
            0.7224080267558528,
            0.7224080267558528,
            0.7224080267558528,
            0.7224080267558528,
            0.7224080267558528,
            0.7224080267558528,
            0.7224080267558528,
            0.7224080267558528,
            0.7224080267558528,
            0.7224080267558528,
            0.7224080267558528,
            0.7224080267558528,
            0.7224080267558528,
            0.7224080267558528,
            0.7224080267558528,
            0.7224080267558528,
            0.7224080267558528
        ]
    }
}