{
    "AlexNet_SGD_0-0006": {
        "training time": 629.5757710933685,
        "best accuracy": 0.7224080267558528,
        "training loss": [
            0.5764440389779898,
            0.5685316354800494,
            0.5657273263503344,
            0.5655621802195524,
            0.5597638457249372,
            0.5549335785401173,
            0.5503416260083517,
            0.5547592288408524,
            0.5504785462831839,
            0.5535909281327174,
            0.5430571475090125,
            0.5418294194417123,
            0.5455735142414386,
            0.5454533199469248,
            0.5454338177656516,
            0.5421806367544028,
            0.5403327605663202,
            0.5354516475628583,
            0.5277758003809513,
            0.5290440458517808
        ],
        "validation accuracy": [
            0.7224080267558528,
            0.7224080267558528,
            0.7224080267558528,
            0.7224080267558528,
            0.7224080267558528,
            0.7224080267558528,
            0.7224080267558528,
            0.7224080267558528,
            0.7224080267558528,
            0.7224080267558528,
            0.7224080267558528,
            0.7224080267558528,
            0.7224080267558528,
            0.7224080267558528,
            0.7224080267558528,
            0.7224080267558528,
            0.7224080267558528,
            0.7224080267558528,
            0.7224080267558528,
            0.7224080267558528
        ]
    }
}