{
    "AlexNet_Adam_0-0006": {
        "training time": 686.4423840045929,
        "best accuracy": 0.9264214046822743,
        "training loss": [
            0.3107729026904473,
            0.28844602195880353,
            0.293703229763569,
            0.2714787488564467,
            0.29221694018596256,
            0.2592654153704643,
            0.22901464559328863,
            0.22910668614965218,
            0.25907589896367145,
            0.23635486093087074,
            0.238738280076247,
            0.2634406639979436,
            0.22462512247073343,
            0.24744371554026237,
            0.25498449401213574,
            0.23537646644772628,
            0.21540558299957177,
            0.2299011263709802,
            0.18274417147040367,
            0.2374356186065154
        ],
        "validation accuracy": [
            0.7591973244147158,
            0.8996655518394648,
            0.8996655518394648,
            0.9096989966555183,
            0.8762541806020067,
            0.903010033444816,
            0.9264214046822743,
            0.862876254180602,
            0.8996655518394648,
            0.822742474916388,
            0.782608695652174,
            0.8963210702341137,
            0.9130434782608695,
            0.8896321070234113,
            0.842809364548495,
            0.8929765886287625,
            0.882943143812709,
            0.9163879598662207,
            0.8896321070234113,
            0.8996655518394648
        ]
    }
}