{
    "ResNet_SGD_0-0001": {
        "training time": 30511.395305633545,
        "best accuracy": 0.8662207357859532,
        "training loss": [
            0.6206207587718964,
            0.5883424589633942,
            0.5742501997947693,
            0.5757881133556366,
            0.5567555816173554,
            0.5391143574714661,
            0.5293238430023194,
            0.5302707180976868,
            0.5279746445417404,
            0.5009174226522446,
            0.5071732060909271,
            0.49872602641582486,
            0.4782148542404175,
            0.47364548408985135,
            0.4619180119037628,
            0.4648969441652298,
            0.4420730746984482,
            0.4466940939426422,
            0.4319092713594437,
            0.4284204409122467
        ],
        "validation accuracy": [
            0.7224080267558528,
            0.7224080267558528,
            0.725752508361204,
            0.7391304347826086,
            0.7424749163879598,
            0.7792642140468228,
            0.7525083612040134,
            0.7892976588628763,
            0.7892976588628763,
            0.7959866220735786,
            0.8260869565217391,
            0.8160535117056856,
            0.8294314381270903,
            0.8093645484949833,
            0.842809364548495,
            0.8461538461538461,
            0.8595317725752508,
            0.8662207357859532,
            0.8528428093645485,
            0.862876254180602
        ]
    }
}