{
    "AlexNet_Adam_0-0001": {
        "training time": 690.1456048488617,
        "best accuracy": 0.9130434782608695,
        "training loss": [
            0.4694568530107156,
            0.39518216481575597,
            0.36775832451306856,
            0.3766440871434334,
            0.3389872996470867,
            0.3348856904567816,
            0.3112326455421937,
            0.27570000214454454,
            0.2911512849804683,
            0.2841935409949376,
            0.29470774072867173,
            0.2756209877821115,
            0.27903519628139645,
            0.25093871889970243,
            0.26738709650742704,
            0.24598185297770378,
            0.26993777851263684,
            0.2118246717712818,
            0.2342092839953227,
            0.22706108502088448
        ],
        "validation accuracy": [
            0.802675585284281,
            0.745819397993311,
            0.8896321070234113,
            0.8762541806020067,
            0.8561872909698997,
            0.8595317725752508,
            0.8896321070234113,
            0.8963210702341137,
            0.8662207357859532,
            0.8294314381270903,
            0.903010033444816,
            0.8729096989966555,
            0.8996655518394648,
            0.9130434782608695,
            0.8461538461538461,
            0.9063545150501672,
            0.782608695652174,
            0.8929765886287625,
            0.8762541806020067,
            0.8929765886287625
        ]
    }
}