{
    "AlexNet_Adam_0-0008": {
        "training time": 682.3802175521851,
        "best accuracy": 0.9297658862876255,
        "training loss": [
            0.3245054173928041,
            0.27542677445289415,
            0.23861071390983385,
            0.29796009701796067,
            0.2663320406125142,
            0.2420203712506172,
            0.25062343573723084,
            0.25933959793586,
            0.22826763056218624,
            0.21302216538251975,
            0.22071667579122078,
            0.24255061875551176,
            0.2197967177400222,
            0.24722801320827925,
            0.22195464066970041,
            0.20889378883517706,
            0.23580050812317774,
            0.21043260194934332,
            0.2255683202200975,
            0.25383604805056864
        ],
        "validation accuracy": [
            0.8695652173913043,
            0.8929765886287625,
            0.862876254180602,
            0.8260869565217391,
            0.8729096989966555,
            0.8929765886287625,
            0.9130434782608695,
            0.9297658862876255,
            0.8595317725752508,
            0.8896321070234113,
            0.8729096989966555,
            0.903010033444816,
            0.8595317725752508,
            0.9096989966555183,
            0.8929765886287625,
            0.8729096989966555,
            0.8795986622073578,
            0.8896321070234113,
            0.8929765886287625,
            0.919732441471572
        ]
    }
}