{
    "AlexNet_SGD_0-0003": {
        "training time": 630.3318390846252,
        "best accuracy": 0.7224080267558528,
        "training loss": [
            0.6685842672983805,
            0.6652697492868472,
            0.6613873869944842,
            0.6575088363427383,
            0.6535258782215607,
            0.6511368873791817,
            0.6463916974189954,
            0.6421482685284737,
            0.6380393489813193,
            0.6329217385023068,
            0.6288236578305563,
            0.6233292497121371,
            0.6186392108599345,
            0.6135383294178889,
            0.607322266468635,
            0.6022586272313044,
            0.5960696385456965,
            0.592380010164701,
            0.5856913007222689,
            0.5836159434074011
        ],
        "validation accuracy": [
            0.7224080267558528,
            0.7224080267558528,
            0.7224080267558528,
            0.7224080267558528,
            0.7224080267558528,
            0.7224080267558528,
            0.7224080267558528,
            0.7224080267558528,
            0.7224080267558528,
            0.7224080267558528,
            0.7224080267558528,
            0.7224080267558528,
            0.7224080267558528,
            0.7224080267558528,
            0.7224080267558528,
            0.7224080267558528,
            0.7224080267558528,
            0.7224080267558528,
            0.7224080267558528,
            0.7224080267558528
        ]
    }
}