{
    "AlexNet_SGD_0-0008": {
        "training time": 629.3618886470795,
        "best accuracy": 0.7224080267558528,
        "training loss": [
            0.5240218471258115,
            0.5237425382320697,
            0.5262871980667114,
            0.5224255583225152,
            0.5168207929684565,
            0.5176188663030282,
            0.5145387855859903,
            0.5053168894388737,
            0.5130033676440899,
            0.5061845397337889,
            0.5029251804718604,
            0.49942907767418104,
            0.4946098778492365,
            0.4991240287438417,
            0.4958503918770032,
            0.4867011988774324,
            0.48400802795703596,
            0.4854470384426606,
            0.4913815091817807,
            0.4778270622094472
        ],
        "validation accuracy": [
            0.7224080267558528,
            0.7224080267558528,
            0.7224080267558528,
            0.7224080267558528,
            0.7224080267558528,
            0.7224080267558528,
            0.7224080267558528,
            0.7224080267558528,
            0.7224080267558528,
            0.7224080267558528,
            0.7224080267558528,
            0.7224080267558528,
            0.7224080267558528,
            0.7224080267558528,
            0.7224080267558528,
            0.7224080267558528,
            0.7224080267558528,
            0.7224080267558528,
            0.7224080267558528,
            0.7224080267558528
        ]
    }
}