{
    "AlexNet_Adam_0-0003": {
        "training time": 684.0879278182983,
        "best accuracy": 0.9230769230769231,
        "training loss": [
            0.33135348596634007,
            0.31558967133363086,
            0.29043726260081315,
            0.28240782996782887,
            0.26818423594037694,
            0.24033434058611208,
            0.2649091571951524,
            0.2603347223156538,
            0.2577364803888859,
            0.22157740067595091,
            0.25171196938325197,
            0.22411018008222947,
            0.23166534075370201,
            0.23470043276364988,
            0.22478810373025063,
            0.2431937331954638,
            0.2264666702502813,
            0.22379781764287215,
            0.23344703515370688,
            0.2535271147886912
        ],
        "validation accuracy": [
            0.8695652173913043,
            0.8461538461538461,
            0.745819397993311,
            0.8729096989966555,
            0.8929765886287625,
            0.9130434782608695,
            0.9230769230769231,
            0.9163879598662207,
            0.9096989966555183,
            0.8595317725752508,
            0.8862876254180602,
            0.9130434782608695,
            0.8695652173913043,
            0.8996655518394648,
            0.8862876254180602,
            0.9230769230769231,
            0.8729096989966555,
            0.9096989966555183,
            0.7993311036789298,
            0.919732441471572
        ]
    }
}