{
    "AlexNet_SGD_0-0002": {
        "training time": 404.7995345592499,
        "best accuracy": 0.7224080267558528,
        "training loss": [
            0.6472646013284341,
            0.6380976041158041,
            0.6248440070030017,
            0.614827695565346,
            0.6016268699597089,
            0.5967532105934925,
            0.5793851170784388,
            0.5694666436085334,
            0.5627138668145889,
            0.5552113912044427
        ],
        "validation loss": [
            0.6573921100298563,
            0.6511522261301677,
            0.6423945411046346,
            0.6357145734628041,
            0.6252567096551259,
            0.6294789055983225,
            0.6164472464720409,
            0.6042028065522512,
            0.6133167533079783,
            0.6040667577584584
        ],
        "validation accuracy": [
            0.7224080267558528,
            0.7224080267558528,
            0.7224080267558528,
            0.7224080267558528,
            0.7224080267558528,
            0.7224080267558528,
            0.7224080267558528,
            0.7224080267558528,
            0.7224080267558528,
            0.7224080267558528
        ]
    }
}