{
    "AlexNet_Adam_0-0002": {
        "training time": 508.9842586517334,
        "best accuracy": 0.7224080267558528,
        "training loss": [
            0.789197869025744,
            243.65116754556314,
            18.78501436419976,
            24.741357976045364,
            409.72906249073833,
            18.122055307412758,
            2.1831165834879265,
            4.141414853242727,
            1.8814320457287323,
            2.023533616310511
        ],
        "validation loss": [
            106.08887223829825,
            229.8893582946667,
            222.78237883569798,
            3441.241026183266,
            137.1713754037038,
            14.852907052603005,
            7.7783986140290775,
            16.711491544562914,
            3.7036196868362716,
            7.685525602794878
        ],
        "validation accuracy": [
            0.411371237458194,
            0.6086956521739131,
            0.7224080267558528,
            0.7190635451505016,
            0.7224080267558528,
            0.7224080267558528,
            0.38127090301003347,
            0.6989966555183946,
            0.5986622073578596,
            0.7090301003344481
        ]
    }
}