{
    "AlexNet_Adam_0-0001": {
        "training time": 514.1568274497986,
        "best accuracy": 0.7224080267558528,
        "training loss": [
            0.4465590742153999,
            287.73757657026636,
            2.120607397495172,
            1.3906861222707307,
            2.2514043091199336,
            3.089059679171978,
            1.5362650156021118,
            1.4200818171867957,
            0.5732189271694574,
            5.112354109684627
        ],
        "validation loss": [
            1475.212207519579,
            7.689990966867281,
            5.5314700010266336,
            9.424033470286297,
            16.3086885462023,
            6.4418294656813595,
            1.666746848851908,
            0.8092148518562317,
            27.546950088129083,
            4.590770449102088
        ],
        "validation accuracy": [
            0.7023411371237458,
            0.7224080267558528,
            0.7224080267558528,
            0.7224080267558528,
            0.7224080267558528,
            0.7224080267558528,
            0.44481605351170567,
            0.7023411371237458,
            0.7090301003344481,
            0.7224080267558528
        ]
    }
}