{
    "AlexNet_SGD_0-0004": {
        "training time": 394.7250769138336,
        "best accuracy": 0.7224080267558528,
        "training loss": [
            0.5495751225031339,
            0.5474640673551804,
            0.5563210424704429,
            0.544365216524173,
            0.5351518331429898,
            0.5314222131019983,
            0.53224272834949,
            0.524439091865833,
            0.5237333980890421,
            0.5260977538732382
        ],
        "validation loss": [
            0.6089872793356578,
            0.5674954342842102,
            0.6099258593718211,
            0.601044789950053,
            0.5875506524244944,
            0.5666941861311595,
            0.591629488269488,
            0.5602791661024094,
            0.6134828871488571,
            0.5291582322120667
        ],
        "validation accuracy": [
            0.7224080267558528,
            0.7224080267558528,
            0.7224080267558528,
            0.7224080267558528,
            0.7224080267558528,
            0.7224080267558528,
            0.7224080267558528,
            0.7224080267558528,
            0.7224080267558528,
            0.7224080267558528
        ]
    }
}