{
    "AlexNet_SGD_0-0001": {
        "training time": 398.4519257545471,
        "best accuracy": 0.7224080267558528,
        "training loss": [
            0.6931392214237115,
            0.6887637544900943,
            0.6825927358407241,
            0.678780584763258,
            0.6744137818996723,
            0.6706742139963003,
            0.6663268789266928,
            0.6625645802571223,
            0.6579125997347709,
            0.6536499231289594
        ],
        "validation loss": [
            0.6929183403650919,
            0.6897032316525777,
            0.6844823908805847,
            0.6815979838371277,
            0.6781843701998392,
            0.6753105115890503,
            0.6715982921918233,
            0.6687353722254435,
            0.6654379272460937,
            0.6622031823794047
        ],
        "validation accuracy": [
            0.6521739130434783,
            0.7224080267558528,
            0.7224080267558528,
            0.7224080267558528,
            0.7224080267558528,
            0.7224080267558528,
            0.7224080267558528,
            0.7224080267558528,
            0.7224080267558528,
            0.7224080267558528
        ]
    }
}