{
    "AlexNet_SGD_0-0004": {
        "training time": 31.04850697517395,
        "best accuracy": 0.6,
        "training loss": [
            0.6572604179382324,
            0.6511346483841921,
            0.6470645987070524,
            0.6395830359214392,
            0.632679066596887,
            0.6253007069612161,
            0.6187533858494881,
            0.6093817215699416,
            0.6017595911637331,
            0.5970911612877479
        ],
        "validation accuracy": [
            0.6,
            0.6,
            0.6,
            0.6,
            0.6,
            0.6,
            0.6,
            0.6,
            0.6,
            0.6
        ]
    }
}