{
    "MobileNet_SGD_0-0006": {
        "training time": 1769.6252100467682,
        "best accuracy": 0.7224080267558528,
        "training loss": [
            0.6759319603443146,
            0.6504145115613937,
            0.633790598029182,
            0.6197897252582368,
            0.6092337139305615,
            0.5989291181876546,
            0.5974662701288859,
            0.590226167014667,
            0.5856899860359374,
            0.5842163119287718
        ],
        "validation accuracy": [
            0.7224080267558528,
            0.7224080267558528,
            0.7224080267558528,
            0.7224080267558528,
            0.7224080267558528,
            0.7224080267558528,
            0.7224080267558528,
            0.7224080267558528,
            0.7224080267558528,
            0.7224080267558528
        ]
    }
}