{
    "MobileNet_Adam_0-0006": {
        "training time": 1804.112003326416,
        "best accuracy": 0.8862876254180602,
        "training loss": [
            0.4923709975112052,
            0.4071292616426945,
            0.4088179205677339,
            0.34540752490006743,
            0.36773205548524857,
            0.40751159333047415,
            0.3624466449199688,
            0.3217382902013404,
            0.30316813032896744,
            0.3300621302887088
        ],
        "validation accuracy": [
            0.7023411371237458,
            0.7892976588628763,
            0.8494983277591973,
            0.8595317725752508,
            0.8528428093645485,
            0.8327759197324415,
            0.8862876254180602,
            0.8795986622073578,
            0.8260869565217391,
            0.882943143812709
        ]
    }
}