{
    "AlexNet_Adam_0-0004": {
        "training time": 38.16363716125488,
        "best accuracy": 0.8912280701754386,
        "training loss": [
            0.3231819394307259,
            0.3201407241897705,
            0.301780766974657,
            0.27598528067270917,
            0.2755805022823505,
            0.2520676174989113,
            0.26516555096858585,
            0.2734239726112439,
            0.28835271241573185,
            0.2765856595375599
        ],
        "validation accuracy": [
            0.7649122807017544,
            0.8385964912280702,
            0.8140350877192982,
            0.8280701754385965,
            0.8631578947368421,
            0.8912280701754386,
            0.775438596491228,
            0.7403508771929824,
            0.8385964912280702,
            0.8666666666666667
        ]
    }
}