{
    "AlexNet_Adam_0-0002": {
        "training time": 38.38828682899475,
        "best accuracy": 0.856140350877193,
        "training loss": [
            0.3404049577239232,
            0.3376670434879951,
            0.3135249738891919,
            0.30056288609137904,
            0.3103253141236611,
            0.2729440529185992,
            0.2843171518582564,
            0.3338241323064535,
            0.28110163716169506,
            0.30296962135113203
        ],
        "validation accuracy": [
            0.7719298245614035,
            0.8,
            0.8350877192982457,
            0.8526315789473684,
            0.8175438596491228,
            0.7263157894736842,
            0.856140350877193,
            0.8140350877192982,
            0.8035087719298246,
            0.8350877192982457
        ]
    }
}