{
    "ResNet_Adam_0-0002": {
        "training time": 728.2311794757843,
        "best accuracy": 0.8736842105263158,
        "training loss": [
            0.39046268180255,
            0.40265565994006347,
            0.3681460558853256,
            0.3326178635584145,
            0.3418039479027919,
            0.31320820809379823,
            0.3581687593908329,
            0.31367716990123556,
            0.31050881585939144,
            0.31248990033669927
        ],
        "validation accuracy": [
            0.8280701754385965,
            0.8035087719298246,
            0.8140350877192982,
            0.8631578947368421,
            0.7894736842105263,
            0.7543859649122807,
            0.8035087719298246,
            0.8315789473684211,
            0.8280701754385965,
            0.8736842105263158
        ]
    }
}