{
    "ResNet_Adam_0-0004": {
        "training time": 729.848571062088,
        "best accuracy": 0.9087719298245615,
        "training loss": [
            0.42661461389313143,
            0.40011489603335293,
            0.36297088301157565,
            0.362901223884002,
            0.362760679993203,
            0.3682463722818387,
            0.3578427122920994,
            0.3288835471049254,
            0.3439866486119061,
            0.3293816378355269
        ],
        "validation accuracy": [
            0.8526315789473684,
            0.8666666666666667,
            0.8,
            0.8701754385964913,
            0.8210526315789474,
            0.8736842105263158,
            0.9087719298245615,
            0.8456140350877193,
            0.8701754385964913,
            0.8491228070175438
        ]
    }
}