{
    "AlexNet_Adam_0-0001": {
        "training time": 37.021116495132446,
        "best accuracy": 0.8701754385964913,
        "training loss": [
            0.4777586846015392,
            0.3913818651284927,
            0.37505903114110994,
            0.35674918920565873,
            0.35331162886741835,
            0.32659113980256593,
            0.30572708514638436,
            0.32349528792576915,
            0.31313039782719737,
            0.29686238683569127
        ],
        "validation accuracy": [
            0.712280701754386,
            0.6842105263157895,
            0.8350877192982457,
            0.8385964912280702,
            0.8070175438596491,
            0.8140350877192982,
            0.8701754385964913,
            0.7543859649122807,
            0.8666666666666667,
            0.8280701754385965
        ]
    }
}