{
    "MobileNet_Adam_0-0002": {
        "training time": 136.09875512123108,
        "best accuracy": 0.856140350877193,
        "training loss": [
            0.33183574131349236,
            0.33696932518264144,
            0.2882147871139573,
            0.3256383123012578,
            0.3307167971279563,
            0.3470893175136752,
            0.2955933348616449,
            0.2879020877000762,
            0.29999112001642947,
            0.28764655468303985
        ],
        "validation accuracy": [
            0.8210526315789474,
            0.856140350877193,
            0.8210526315789474,
            0.8385964912280702,
            0.8175438596491228,
            0.8526315789473684,
            0.8385964912280702,
            0.8140350877192982,
            0.8070175438596491,
            0.8350877192982457
        ]
    }
}