{
    "ResNet_Adam_0-0001": {
        "training time": 728.0596308708191,
        "best accuracy": 0.8631578947368421,
        "training loss": [
            0.5419567751478616,
            0.4040959280559687,
            0.41038545469443005,
            0.3728676351711033,
            0.3589430630994522,
            0.34957945237799387,
            0.3386402816731271,
            0.3611150235543406,
            0.317373262521455,
            0.3046309642069708
        ],
        "validation accuracy": [
            0.8456140350877193,
            0.8631578947368421,
            0.8385964912280702,
            0.8421052631578947,
            0.8631578947368421,
            0.8596491228070176,
            0.8526315789473684,
            0.8456140350877193,
            0.8526315789473684,
            0.8315789473684211
        ]
    }
}