{
    "MobileNet_SGD_0-0002": {
        "training time": 127.29246687889099,
        "best accuracy": 0.6,
        "training loss": [
            0.6433959232597817,
            0.6353147567772284,
            0.6286701828968234,
            0.623434502904008,
            0.6198653327982601,
            0.6159871718505534,
            0.6109447922648453,
            0.6088043284125444,
            0.6062453047531408,
            0.6011113644373126
        ],
        "validation accuracy": [
            0.6,
            0.6,
            0.6,
            0.6,
            0.6,
            0.6,
            0.6,
            0.6,
            0.6,
            0.6
        ]
    }
}