{
    "AlexNet_SGD_0-0001": {
        "training time": 32.620086908340454,
        "best accuracy": 0.6035087719298246,
        "training loss": [
            0.6970482071240743,
            0.6955792017472096,
            0.6946362532102145,
            0.6926298462427579,
            0.6915788146165701,
            0.6902859241534502,
            0.688905784716973,
            0.6873921583860348,
            0.6862815328133411,
            0.6850594114034604
        ],
        "validation accuracy": [
            0.39649122807017545,
            0.44912280701754387,
            0.5649122807017544,
            0.6,
            0.6035087719298246,
            0.6,
            0.6,
            0.6,
            0.6,
            0.6
        ]
    }
}