{
    "ResNet_SGD_0-0001": {
        "training time": 959.2769141197205,
        "best accuracy": 0.7298245614035088,
        "training loss": [
            0.6176726444949948,
            0.5787263401155549,
            0.5717720166454471,
            0.5592808844597359,
            0.5511819822032277,
            0.5402848347415768,
            0.534057240176007,
            0.5312608284194295,
            0.5193188204997923,
            0.5014863031181863
        ],
        "validation accuracy": [
            0.6,
            0.6,
            0.6,
            0.6,
            0.6070175438596491,
            0.6175438596491228,
            0.6350877192982456,
            0.6491228070175439,
            0.7298245614035088,
            0.6877192982456141
        ]
    }
}