{
    "AlexNet_SGD_0-0002": {
        "training time": 31.075119018554688,
        "best accuracy": 0.6,
        "training loss": [
            0.68342708165829,
            0.6808477838834127,
            0.6774609761360364,
            0.675277787905473,
            0.672707064029498,
            0.6702945339374053,
            0.6681637045664665,
            0.6660501651274853,
            0.662879208723704,
            0.6598356916354253
        ],
        "validation accuracy": [
            0.6,
            0.6,
            0.6,
            0.6,
            0.6,
            0.6,
            0.6,
            0.6,
            0.6,
            0.6
        ]
    }
}